first_name,last_name
Tom,Hardy
Chiwetel,Ejiofor
Juno,Temple
Clark,Backo
Rhys,Ifans
Stephen,Graham
Peggy,Lu
Alanna,Ubach
Hala,Finley
Dash,McCloud
Lauren,LaVera
David,Howard
Samantha,Scaffidi
Elliott,Fullam
Margaret,Anne
Bryce,Johnson
Alexa,Blair
Antonella,Rose
Mason,Mecartea
Krsy,Fox
Lupita,Nyong'o
Pedro,Pascal
Kit,Connor
Bill,Nighy
Stephanie,Hsu
Matt,Berry
Ving,Rhames
Mark,Hamill
Catherine,O'Hara
Boone,Storm
Francisco,Ortiz
José,María
Berta,Vázquez
Iria,del
Marta,Poveda
Amalia,Gómez
María,Salgueiro
Yuri,Mykhaylychenko
Ian,Monclús
Yaiza,Macías
Paul,Mescal
Denzel,Washington
Pedro,Pascal
Connie,Nielsen
Joseph,Quinn
Fred,Hechinger
Lior,Raz
Derek,Jacobi
Peter,Mensah
Matt,Lucas
Ryan,Reynolds
Hugh,Jackman
Emma,Corrin
Matthew,Macfadyen
Dafne,Keen
Jon,Favreau
Morena,Baccarin
Rob,Delaney
Leslie,Uggams
Jennifer,Garner
Demi,Moore
Margaret,Qualley
Dennis,Quaid
Edward,Hamilton-Clark
Gore,Abrams
Oscar,Lesage
Christian,Erickson
Robin,Greer
Tom,Morton
Hugo,Diego
Dwayne,Johnson
Chris,Evans
J.K.,Simmons
Lucy,Liu
Kiernan,Shipka
Bonnie,Hunt
Kristofer,Hivju
Nick,Kroll
Wesley,Kimmel
Mary,Elizabeth
Chris,Hemsworth
Brian,Tyree
Scarlett,Johansson
Keegan-Michael,Key
Jon,Hamm
Steve,Buscemi
Laurence,Fishburne
Vanessa,Liguori
Jon,Bailey
Jason,Konopisos-Alvarez
Aaron,Eckhart
Tim,Roth
Abigail,Breslin
Matt,Hookings
Lucky,Ali
Joe,Azzopardi
Kirsty,Bartolo
Marc,Cabourdin
Myles,Clohessy
Kim,DeLonghi
Cailee,Spaeny
David,Jonsson
Archie,Renaux
Isabela,Merced
Spike,Fearn
Aileen,Wu
Rosie,Ede
Soma,Simon
Bence,Okeke
Viktor,Orizu
Steve,Carell
Kristen,Wiig
Will,Ferrell
Sofía,Vergara
Miranda,Cosgrove
Dana,Gaier
Madison,Polan
Pierre,Coffin
Chris,Renaud
Steve,Coogan
Nicolas,Cage
Jaeden,Martell
Maxwell,Jenkins
Sadie,Soverall
Samantha,Coughlan
Joel,Gillman
Joe,Dixon
Daire,McMahon
John,Travolta
Kristin,Davis
Lukas,Haas
Quavo,
Joel,Cohen
Noel,Gugliemi
Daniel,Louis
Natali,Yura
Victorya,Brandart
Jake,Ellenz
Pierre,Niney
Bastien,Bouillon
Anaïs,Demoustier
Anamaria,Vartolomei
Laurent,Lafitte
Pierfrancesco,Favino
Patrick,Mille
Vassili,Schneider
Julien,de
Julie,de
Tom,Hardy
Michelle,Williams
Riz,Ahmed
Scott,Haze
Reid,Scott
Jenny,Slate
Melora,Walters
Woody,Harrelson
Peggy,Lu
Malcolm,C.
Amy,Poehler
Maya,Hawke
Kensington,Tallman
Liza,Lapira
Tony,Hale
Lewis,Black
Phyllis,Smith
Ayo,Edebiri
Lilimar,
Grace,Lu
Arthur,Beschastny
Maryana,Spivak
Sofya,Shidlovskaya
Igor,Grabuzov
Sergey,Safronov
Valeria,Kot
Ilya,Vinogorsky
Kirill,Rusin
Artyom,Fadeev
Marina,Grishakova
Andreas,Pietschmann
Émilie,Dequenne
Lucas,Ebel
Arben,Bajraktaraj
Lisa,Delamar
Olivier,Ho
Tom,Hardy
Woody,Harrelson
Michelle,Williams
Naomie,Harris
Reid,Scott
Stephen,Graham
Peggy,Lu
Sian,Webber
Michelle,Greenidge
Rob,Bowen
Lucas,Bravo
Yvan,Attal
Léa,Luce
Steve,Tientcheu
David,Ayala
Léo,Chalié
Slimane,Dazi
David,Murgia
Radivoje,Bukvić
Mélanie,Laurent
Russell,Crowe
Joaquin,Phoenix
Connie,Nielsen
Oliver,Reed
Richard,Harris
Derek,Jacobi
Djimon,Hounsou
David,Schofield
John,Shrapnel
Tomas,Arana
Samara,Weaving
Vic,Carmen
Katariina,Unt
Peter,Christoffersen
Nathan,Stewart-Jarrett
Johhan,Rosenberg
Eero,Milonoff
Sebastian,Bull
Rea,Lest
Phong,Giang
Matthew,McConaughey
Tori,Kelly
Nick,Kroll
Scarlett,Johansson
Taron,Egerton
Garth,Jennings
Eric,Hayes
Katherine,Kelloway
Joy,Poirel
Fisher,Stevens
Joaquin,Phoenix
Lady,Gaga
Brendan,Gleeson
Catherine,Keener
Zazie,Beetz
Steve,Coogan
Harry,Lawtey
Leigh,Gill
Ken,Leung
Jacob,Lofland
Kate,Beckinsale
Rupert,Friend
Saffron,Burrows
Ray,Stevenson
Goran,Kostić
Ben,Miles
Jaz,Hutchins
Romina,Tonković
Ana,Cilas
Emma,Gojković
Scott,Adkins
Alice,Eve
Jack,Parr
Billy,Clements
Mădălina,Bellariu
Renars,Latkovskis
Nik,Coleman
Alba,De
Oksana,Orlan
Sebastián,Carvajal
María,del
Maurice,Compte
Chase,Coleman
Ski,Carr
Jose,Conejo
Josephine,Bornebusch
Pål,Sverre
Sigrid,Johnson
Olle,Tikkakoski
Leon,Mentori
Tone,Danielsen
Irma,Jämhammar
Niklas,Falk
Mathias,Lithner
Lola,Zackow
Sarah,McDonald
Breanna,Rossi
Adela,Perez
Nicholas,J.
Hector,De
Eugenia,Preciado
Adelina,Topleva
Olya,Marynets
Simona,Curkoska
Pablo,Martínez
Lucas,Caballero
Rafael,Alfaro
Lara,Chamorro
Andy,Romero
Mario,González
Ariel,Delgadillo
Lia,Love
Michael,Keaton
Winona,Ryder
Catherine,O'Hara
Jenna,Ortega
Justin,Theroux
Willem,Dafoe
Monica,Bellucci
Arthur,Conti
Nick,Kellington
Santiago,Cabrera
David,Howard
Jenna,Kanell
Samantha,Scaffidi
Catherine,Corcoran
Pooya,Mohseni
Matt,McAllister
Katie,Maguire
Gino,Cafarelli
Cory,DuVal
Michael,Leavy
Stephen,Fry
Hugh,Laurie
Freddie,Highmore
Emily,Carey
Imelda,Staunton
Meera,Syal
David,Harewood
Miranda,Hart
Toby,Jones
Jakey,Schiff
Milena,Smit
Hovik,Keuchkerian
Natalia,Tena
Óscar,Jaenada
Ivan,Massagué
Zorion,Eguileor
Bastien,Ughetto
Armando,Buika
Pedro,Bachura
Antonia,San
Will,Smith
Martin,Lawrence
Vanessa,Hudgens
Alexander,Ludwig
Paola,Nuñez
Eric,Dane
Ioan,Gruffudd
Jacob,Scipio
Melanie,Liburd
Tasha,Smith
Kelsey,Asbille
Finn,Wittrock
Daniel,Francis
Moray,Treadwell
Dylan,Beam
Kate,Nichols
Skye,Little
Denis,Kostadinov
Cynthia,Erivo
Ariana,Grande
Jonathan,Bailey
Michelle,Yeoh
Jeff,Goldblum
Ethan,Slater
Marissa,Bode
Bowen,Yang
Bronwyn,James
Keala,Settle
Michael,Lake
Christopher,Cordell
Sylvain,Plasse
Somerville,Black
Aaron,Huggett
Corey,Chainey
Sam,Biskey
Julian,Seguin
Adam,Daniel
Kyle,Naylor
Maisy,Stella
Aubrey,Plaza
Percy,Hynes
Maddie,Ziegler
Kerrice,Brooks
Maria,Dizzia
Alain,Goulem
Seth,Isaac
Carter,Trozzolo
Alexandria,Rivera
Auli'i,Cravalho
Dwayne,Johnson
Alan,Tudyk
Rachel,House
Temuera,Morrison
Nicole,Scherzinger
Hualālai,Chung
David,Fane
Rose,Matafeo
Awhimai,Fraser
Nicole,Wallace
Gabriel,Guevara
Marta,Hazas
Iván,Sánchez
Eva,Ruiz
Víctor,Varona
Fran,Berenguer
Adriana,Ubani
Ivan,Massagué
Mariano,Venancio
Sam,Claflin
Antonia,Thomas
Caréll,Vincent
Will,Davis
Adelle,Leonce
William,Hope
Steven,Cree
Sharon,D.
Henry,Pettigrew
Neil,Linpow
Daiki,Yamashita
Nobuhiko,Okamoto
Yuki,Kaji
Mamoru,Miyano
Meru,Nukumi
Kenta,Miyake
Ayane,Sakura
Kaito,Ishikawa
Uoken,
Yuki,Ono
Adam,Driver
Giancarlo,Esposito
Nathalie,Emmanuel
Aubrey,Plaza
Shia,LaBeouf
Jon,Voight
Laurence,Fishburne
Talia,Shire
Jason,Schwartzman
Kathryn,Hunter
David,Howard
Lauren,LaVera
Elliott,Fullam
Sarah,Voigt
Kailey,Hyman
Casey,Hartnett
Charlie,McElveen
Amelie,McLain
Johnath,Davis
Samantha,Scaffidi
Madison,Bailey
Antonia,Gentry
Griffin,Gluck
Megan,Best
Michael,Shanks
Rachael,Crawford
Summer,H.
Sydney,Sabiston
Adam,Hurtig
Gwendolyn,Collins
Bill,Skarsgård
FKA,twigs
Danny,Huston
Josette,Simon
Laura,Birn
Sami,Bouajila
Karel,Dobrý
Jordan,Bolger
Sebastian,Orozco
David,Bowles
